<?xml version="1.0" standalone="no"?>
<!DOCTYPE preface PUBLIC "-//OASIS//DTD DocBook XML V4.2//EN" "http://www.oasis-open.org/docbook/xml/4.2/docbookx.dtd">
<preface id="copyright">
	<title>Copyright</title>

	<mediaobject>
		<imageobject role="fo">
			<imagedata fileref="images/springsource.jpg" format="JPG" align="left" valign="bottom"/>
		</imageobject>
		<imageobject role="html">
			<imagedata fileref="images/springsource.jpg" format="JPG" align="left" valign="bottom"/>
		</imageobject>
	</mediaobject>
	<para>
		Copyright 2008-2009, SpringSource
	</para>
	<para>
		Licensed Under the Apache License, Version 2.0 (the "License"); you may not use this file except in compliance
		with the License. You may obtain a copy of the License at
		<ulink url="http://www.apache.org/licenses/LICENSE-2.0">http://www.apache.org/licenses/LICENSE-2.0</ulink>
	</para>
</preface>
